year,constructor_name,wins,races,win_rate
1950,Alfa Romeo,6,6,1.0
1950,Alta,0,1,0.0
1950,Deidt,0,1,0.0
1950,ERA,0,2,0.0
1950,Ewing,0,1,0.0
1950,Ferrari,0,4,0.0
1950,Kurtis Kraft,1,1,1.0
1950,Langley,0,1,0.0
1950,Lesovsky,0,1,0.0
1950,Marchese,0,1,0.0
1950,Maserati,0,6,0.0
1950,Moore,0,1,0.0
1950,Nichels,0,1,0.0
1950,Olson,0,1,0.0
1950,Rae,0,1,0.0
1950,Simca,0,1,0.0
1950,Stevens,0,1,0.0
1950,Talbot-Lago,0,6,0.0
1950,Wetteroth,0,1,0.0
1951,Alfa Romeo,5,7,0.7142857142857143
1951,BRM,0,1,0.0
1951,Deidt,0,1,0.0
1951,ERA,0,1,0.0
1951,Ferrari,3,7,0.42857142857142855
1951,HWM,0,1,0.0
1951,Kurtis Kraft,1,1,1.0
1951,Maserati,0,2,0.0
1951,Moore,0,1,0.0
1951,OSCA,0,1,0.0
1951,Schroeder,0,1,0.0
1951,Sherman,0,1,0.0
1951,Simca,0,3,0.0
1951,Talbot-Lago,0,7,0.0
1952,AFM,0,1,0.0
1952,Alta,0,1,0.0
1952,BMW,0,1,0.0
1952,Connaught,0,2,0.0
1952,Cooper,0,5,0.0
1952,Ferrari,7,7,1.0
1952,Frazer Nash,0,2,0.0
1952,Gordini,0,7,0.0
1952,HWM,0,5,0.0
1952,Kurtis Kraft,0,1,0.0
1952,Kuzma,1,1,1.0
1952,Lesovsky,0,1,0.0
1952,Maserati,0,5,0.0
1952,Sherman,0,1,0.0
1952,Simca,0,3,0.0
1952,Stevens,0,1,0.0
1952,Trevis,0,1,0.0
1952,Veritas,0,2,0.0
1952,Watson,0,1,0.0
1953,AFM,0,1,0.0
1953,BMW,0,1,0.0
1953,Connaught,0,5,0.0
1953,Cooper,0,6,0.0
1953,Ferrari,7,8,0.875
1953,Gordini,0,5,0.0
1953,HWM,0,5,0.0
1953,Kurtis Kraft,1,1,1.0
1953,Kuzma,0,1,0.0
1953,Maserati,1,8,0.125
1953,OSCA,0,2,0.0
1953,Schroeder,0,1,0.0
1953,Stevens,0,1,0.0
1953,Veritas,0,1,0.0
1954,Connaught,0,1,0.0
1954,Cooper,0,1,0.0
1954,Ferrari,2,8,0.25
1954,Gordini,0,6,0.0
1954,Kurtis Kraft,1,1,1.0
1954,Kuzma,0,1,0.0
1954,Maserati,2,8,0.25
1954,Mercedes,4,6,0.6666666666666666
1954,Pankratz,0,1,0.0
1954,Phillips,0,1,0.0
1954,Stevens,0,1,0.0
1954,Vanwall,0,1,0.0
1955,Epperly,0,1,0.0
1955,Ferrari,1,6,0.16666666666666666
1955,Gordini,0,3,0.0
1955,Kurtis Kraft,1,1,1.0
1955,Kuzma,0,1,0.0
1955,Lancia,0,1,0.0
1955,Maserati,0,6,0.0
1955,Mercedes,5,6,0.8333333333333334
1955,Trevis,0,1,0.0
1955,Vanwall,0,1,0.0
1956,Connaught,0,2,0.0
1956,Cooper,0,1,0.0
1956,Ferrari,6,7,0.8571428571428571
1956,Gordini,0,4,0.0
1956,Kurtis Kraft,0,1,0.0
1956,Kuzma,0,1,0.0
1956,Lesovsky,0,1,0.0
1956,Maserati,2,7,0.2857142857142857
1956,Phillips,0,1,0.0
1956,Stevens,0,1,0.0
1956,Vanwall,0,2,0.0
1956,Watson,1,1,1.0
1957,Connaught,0,1,0.0
1957,Cooper,0,5,0.0
1957,Epperly,1,1,1.0
1957,Ferrari,0,6,0.0
1957,Kurtis Kraft,0,1,0.0
1957,Kuzma,0,1,0.0
1957,Lesovsky,0,1,0.0
1957,Maserati,4,7,0.5714285714285714
1957,Phillips,0,1,0.0
1957,Porsche,0,1,0.0
1957,Vanwall,4,5,0.8
1958,BRM,0,6,0.0
1958,Cooper,2,10,0.2
1958,Epperly,1,1,1.0
1958,Ferrari,2,10,0.2
1958,Kurtis Kraft,0,1,0.0
1958,Kuzma,0,1,0.0
1958,Maserati,0,7,0.0
1958,Phillips,0,1,0.0
1958,Porsche,0,2,0.0
1958,Team Lotus,0,6,0.0
1958,Vanwall,6,8,0.75
1958,Watson,0,1,0.0
1959,Aston Martin,0,3,0.0
1959,BRM,1,6,0.16666666666666666
1959,Cooper-Borgward,0,1,0.0
1959,Cooper-Climax,5,8,0.625
1959,Cooper-Maserati,0,4,0.0
1959,Dunn,0,1,0.0
1959,Epperly,0,1,0.0
1959,Ferrari,2,7,0.2857142857142857
1959,Kurtis Kraft,0,1,0.0
1959,Kuzma,0,1,0.0
1959,Lesovsky,0,1,0.0
1959,Maserati,0,2,0.0
1959,Moore,0,1,0.0
1959,Porsche,0,2,0.0
1959,Team Lotus,0,3,0.0
1959,Watson,1,1,1.0
1960,Aston Martin,0,1,0.0
1960,BRM,0,5,0.0
1960,Behra-Porsche,0,2,0.0
1960,Christensen,0,1,0.0
1960,Cooper-Castellotti,0,3,0.0
1960,Cooper-Climax,6,9,0.6666666666666666
1960,Cooper-Maserati,0,4,0.0
1960,Epperly,0,1,0.0
1960,Ewing,0,1,0.0
1960,Ferrari,1,8,0.125
1960,JBW,0,1,0.0
1960,Kurtis Kraft,0,1,0.0
1960,Kuzma,0,1,0.0
1960,Lesovsky,0,1,0.0
1960,Maserati,0,2,0.0
1960,Meskowski,0,1,0.0
1960,Phillips,0,1,0.0
1960,Porsche,0,1,0.0
1960,Scarab,0,1,0.0
1960,Team Lotus,2,8,0.25
1960,Trevis,0,1,0.0
1960,Watson,1,1,1.0
1961,BRM,0,7,0.0
1961,Cooper-Climax,0,8,0.0
1961,Cooper-Maserati,0,4,0.0
1961,Ferrari,5,7,0.7142857142857143
1961,Gilby,0,1,0.0
1961,Lotus-Climax,3,8,0.375
1961,Porsche,0,8,0.0
1962,BRM,4,9,0.4444444444444444
1962,Brabham,0,2,0.0
1962,Cooper-Climax,1,8,0.125
1962,ENB,0,1,0.0
1962,Emeryson,0,1,0.0
1962,Ferrari,0,5,0.0
1962,Lola,0,5,0.0
1962,Lotus-BRM,0,2,0.0
1962,Lotus-Climax,3,9,0.3333333333333333
1962,Porsche,1,9,0.1111111111111111
1963,ATS,0,1,0.0
1963,BRM,2,10,0.2
1963,BRP,0,3,0.0
1963,Brabham,0,8,0.0
1963,Cooper-Climax,0,10,0.0
1963,Cooper-Maserati,0,1,0.0
1963,Ferrari,1,6,0.16666666666666666
1963,LDS,0,1,0.0
1963,Lola,0,3,0.0
1963,Lotus-BRM,0,7,0.0
1963,Lotus-Climax,7,10,0.7
1963,Lotus-Ford,0,1,0.0
1963,Porsche,0,7,0.0
1963,Scirocco,0,1,0.0
1963,Stebro,0,1,0.0
1964,BRM,2,10,0.2
1964,BRP,0,6,0.0
1964,Brabham-BRM,0,6,0.0
1964,Brabham-Climax,2,9,0.2222222222222222
1964,Cooper-Climax,0,7,0.0
1964,Ferrari,3,9,0.3333333333333333
1964,Honda,0,1,0.0
1964,Lotus-BRM,0,7,0.0
1964,Lotus-Climax,3,9,0.3333333333333333
1965,Alfa Romeo,0,1,0.0
1965,BRM,3,9,0.3333333333333333
1965,Brabham-BRM,0,8,0.0
1965,Brabham-Climax,0,10,0.0
1965,Brabham-Ford,0,1,0.0
1965,Cooper-Climax,0,7,0.0
1965,Ferrari,0,10,0.0
1965,Honda,1,5,0.2
1965,LDS-Alfa Romeo,0,1,0.0
1965,Lotus-BRM,0,7,0.0
1965,Lotus-Climax,6,10,0.6
1966,BRM,1,5,0.2
1966,Brabham-BRM,0,3,0.0
1966,Brabham-Climax,0,3,0.0
1966,Brabham-Repco,4,7,0.5714285714285714
1966,Cooper-Ferrari,0,1,0.0
1966,Cooper-Maserati,1,8,0.125
1966,Eagle-Climax,0,3,0.0
1966,Ferrari,2,6,0.3333333333333333
1966,Honda,0,1,0.0
1966,Lotus-BRM,1,5,0.2
1966,Lotus-Climax,0,4,0.0
1966,McLaren-Ford,0,1,0.0
1966,McLaren-Serenissima,0,1,0.0
1967,BRM,0,9,0.0
1967,Brabham-Climax,0,3,0.0
1967,Brabham-Ford,0,1,0.0
1967,Brabham-Repco,4,10,0.4
1967,Cooper-Climax,0,1,0.0
1967,Cooper-Maserati,1,11,0.09090909090909091
1967,Eagle-Weslake,1,2,0.5
1967,Ferrari,0,8,0.0
1967,Honda,1,5,0.2
1967,Lola,0,1,0.0
1967,Lotus-BRM,0,3,0.0
1967,Lotus-Ford,4,8,0.5
1967,McLaren-BRM,0,2,0.0
1967,McLaren-Ford,0,2,0.0
1968,BRM,0,9,0.0
1968,Brabham-Repco,0,4,0.0
1968,Cooper-BRM,0,6,0.0
1968,Cooper-Maserati,0,1,0.0
1968,Eagle-Weslake,0,1,0.0
1968,Ferrari,1,7,0.14285714285714285
1968,Honda,0,5,0.0
1968,Lola,0,1,0.0
1968,Lotus-Ford,5,11,0.45454545454545453
1968,Matra,0,5,0.0
1968,Matra-Ford,3,11,0.2727272727272727
1968,McLaren,0,1,0.0
1968,McLaren-BRM,0,3,0.0
1968,McLaren-Ford,3,10,0.3
1969,BRM,0,5,0.0
1969,Brabham-Ford,2,10,0.2
1969,Brabham-Repco,0,1,0.0
1969,Cooper-Maserati,0,1,0.0
1969,Ferrari,0,4,0.0
1969,Lotus-Ford,2,10,0.2
1969,Matra-Ford,6,9,0.6666666666666666
1969,McLaren-Ford,1,10,0.1
1970,BRM,1,9,0.1111111111111111
1970,Brabham,1,10,0.1
1970,Ferrari,4,10,0.4
1970,March,1,13,0.07692307692307693
1970,Matra,0,11,0.0
1970,McLaren-Alfa Romeo,0,2,0.0
1970,McLaren-Ford,0,12,0.0
1970,Surtees,0,4,0.0
1970,Team Lotus,6,9,0.6666666666666666
1971,BRM,2,10,0.2
1971,Brabham,0,9,0.0
1971,Ferrari,2,7,0.2857142857142857
1971,Lotus-Ford,0,7,0.0
1971,Lotus-Pratt &amp; Whitney,0,1,0.0
1971,March-Alfa Romeo,0,4,0.0
1971,March-Ford,0,10,0.0
1971,Matra,0,8,0.0
1971,McLaren,0,9,0.0
1971,Surtees,0,11,0.0
1971,Tyrrell,7,10,0.7
1972,BRM,1,10,0.1
1972,Brabham,0,11,0.0
1972,Ferrari,1,10,0.1
1972,March,0,12,0.0
1972,Matra,0,9,0.0
1972,McLaren,1,12,0.08333333333333333
1972,Surtees,0,11,0.0
1972,Team Lotus,5,10,0.5
1972,Tyrrell,4,10,0.4
1973,BRM,0,12,0.0
1973,Brabham,0,14,0.0
1973,Ensign,0,2,0.0
1973,Ferrari,0,11,0.0
1973,Iso Marlboro,0,11,0.0
1973,March,0,12,0.0
1973,McLaren,3,15,0.2
1973,Shadow,0,11,0.0
1973,Surtees,0,11,0.0
1973,Team Lotus,7,15,0.4666666666666667
1973,Tecno,0,1,0.0
1973,Tyrrell,5,14,0.35714285714285715
1974,BRM,0,9,0.0
1974,Brabham,3,15,0.2
1974,Ensign,0,1,0.0
1974,Ferrari,3,13,0.23076923076923078
1974,Hesketh,0,5,0.0
1974,Iso Marlboro,0,6,0.0
1974,Lola,0,13,0.0
1974,March,0,10,0.0
1974,McLaren,4,15,0.26666666666666666
1974,Parnelli,0,1,0.0
1974,Penske,0,1,0.0
1974,Shadow,0,10,0.0
1974,Surtees,0,7,0.0
1974,Team Lotus,3,10,0.3
1974,Token,0,1,0.0
1974,Trojan,0,3,0.0
1974,Tyrrell,2,14,0.14285714285714285
1975,BRM,0,4,0.0
1975,Brabham,2,13,0.15384615384615385
1975,Embassy Hill,0,7,0.0
1975,Ensign,0,5,0.0
1975,Ferrari,6,13,0.46153846153846156
1975,Fittipaldi,0,7,0.0
1975,Hesketh,1,10,0.1
1975,Lola,0,2,0.0
1975,Lyncar,0,1,0.0
1975,March,1,8,0.125
1975,McLaren,3,12,0.25
1975,Parnelli,0,6,0.0
1975,Penske,0,6,0.0
1975,Shadow-Ford,0,10,0.0
1975,Surtees,0,7,0.0
1975,Team Lotus,0,12,0.0
1975,Tyrrell,1,12,0.08333333333333333
1975,Williams,0,7,0.0
1976,Boro,0,2,0.0
1976,Brabham-Alfa Romeo,0,9,0.0
1976,Brabham-Ford,0,2,0.0
1976,Ensign,0,7,0.0
1976,Ferrari,6,14,0.42857142857142855
1976,Fittipaldi,0,8,0.0
1976,Hesketh,0,10,0.0
1976,Kojima,0,1,0.0
1976,Ligier,0,9,0.0
1976,March,1,11,0.09090909090909091
1976,McLaren,6,14,0.42857142857142855
1976,Parnelli,0,1,0.0
1976,Penske,1,10,0.1
1976,Shadow,0,15,0.0
1976,Surtees,0,13,0.0
1976,Team Lotus,1,9,0.1111111111111111
1976,Tyrrell,1,15,0.06666666666666667
1976,Williams,0,1,0.0
1976,Wolf,0,7,0.0
1977,BRM,0,1,0.0
1977,Brabham,0,12,0.0
1977,Ensign,0,10,0.0
1977,Ferrari,4,17,0.23529411764705882
1977,Fittipaldi,0,10,0.0
1977,Hesketh,0,7,0.0
1977,Kojima,0,1,0.0
1977,LEC,0,2,0.0
1977,Ligier,1,10,0.1
1977,March,0,13,0.0
1977,McLaren,3,15,0.2
1977,Penske,0,8,0.0
1977,Shadow,1,12,0.08333333333333333
1977,Surtees,0,14,0.0
1977,Team Lotus,5,13,0.38461538461538464
1977,Tyrrell,0,12,0.0
1977,Wolf,3,10,0.3
1978,ATS,0,8,0.0
1978,Arrows,0,10,0.0
1978,Brabham,2,13,0.15384615384615385
1978,Ensign,0,5,0.0
1978,Ferrari,5,15,0.3333333333333333
1978,Fittipaldi,0,10,0.0
1978,Ligier,0,14,0.0
1978,Martini,0,4,0.0
1978,McLaren,0,14,0.0
1978,Renault,0,4,0.0
1978,Shadow,0,8,0.0
1978,Surtees,0,7,0.0
1978,Team Lotus,8,15,0.5333333333333333
1978,Tyrrell,1,14,0.07142857142857142
1978,Williams,0,9,0.0
1978,Wolf,0,9,0.0
1979,ATS,0,4,0.0
1979,Alfa Romeo,0,2,0.0
1979,Arrows,0,11,0.0
1979,Brabham-Alfa Romeo,0,5,0.0
1979,Brabham-Ford,0,1,0.0
1979,Ensign,0,3,0.0
1979,Ferrari,6,14,0.42857142857142855
1979,Fittipaldi,0,8,0.0
1979,Ligier,3,11,0.2727272727272727
1979,McLaren,0,12,0.0
1979,Renault,1,7,0.14285714285714285
1979,Shadow,0,10,0.0
1979,Team Lotus,0,12,0.0
1979,Tyrrell,0,12,0.0
1979,Williams,5,12,0.4166666666666667
1979,Wolf,0,2,0.0
1980,ATS,0,6,0.0
1980,Alfa Romeo,0,3,0.0
1980,Arrows,0,9,0.0
1980,Brabham,3,12,0.25
1980,Ensign,0,3,0.0
1980,Ferrari,0,12,0.0
1980,Fittipaldi,0,11,0.0
1980,Ligier,2,12,0.16666666666666666
1980,McLaren,0,11,0.0
1980,Osella,0,1,0.0
1980,Renault,3,9,0.3333333333333333
1980,Shadow,0,1,0.0
1980,Team Lotus,0,10,0.0
1980,Tyrrell,0,11,0.0
1980,Williams,6,13,0.46153846153846156
1981,ATS,0,4,0.0
1981,Alfa Romeo,0,9,0.0
1981,Arrows,0,8,0.0
1981,Brabham,3,12,0.25
1981,Ensign,0,6,0.0
1981,Ferrari,2,10,0.2
1981,Fittipaldi,0,4,0.0
1981,Ligier,2,9,0.2222222222222222
1981,March,0,4,0.0
1981,McLaren,1,12,0.08333333333333333
1981,Osella,0,5,0.0
1981,Renault,3,11,0.2727272727272727
1981,Team Lotus,0,11,0.0
1981,Theodore,0,10,0.0
1981,Toleman,0,1,0.0
1981,Tyrrell,0,11,0.0
1981,Williams,4,15,0.26666666666666666
1982,ATS,0,7,0.0
1982,Alfa Romeo,0,10,0.0
1982,Arrows,0,13,0.0
1982,Brabham,2,6,0.3333333333333333
1982,Ensign,0,1,0.0
1982,Ferrari,3,12,0.25
1982,Fittipaldi,0,6,0.0
1982,Ligier,0,7,0.0
1982,March,0,8,0.0
1982,McLaren,4,13,0.3076923076923077
1982,Osella,0,3,0.0
1982,Renault,4,11,0.36363636363636365
1982,Team Lotus,1,12,0.08333333333333333
1982,Theodore,0,1,0.0
1982,Toleman,0,2,0.0
1982,Tyrrell,1,13,0.07692307692307693
1982,Williams,1,14,0.07142857142857142
1983,ATS,0,4,0.0
1983,Alfa Romeo,0,10,0.0
1983,Arrows,0,15,0.0
1983,Brabham,4,13,0.3076923076923077
1983,Ferrari,4,13,0.3076923076923077
1983,Ligier,0,12,0.0
1983,McLaren,1,10,0.1
1983,Osella,0,2,0.0
1983,RAM,0,2,0.0
1983,Renault,4,14,0.2857142857142857
1983,Spirit,0,3,0.0
1983,Team Lotus,0,9,0.0
1983,Theodore,0,9,0.0
1983,Toleman,0,8,0.0
1983,Tyrrell,1,11,0.09090909090909091
1983,Williams,1,14,0.07142857142857142
1984,ATS,0,5,0.0
1984,Alfa Romeo,0,10,0.0
1984,Arrows,0,9,0.0
1984,Brabham,2,10,0.2
1984,Ferrari,1,14,0.07142857142857142
1984,Ligier,0,9,0.0
1984,McLaren,12,14,0.8571428571428571
1984,Osella,0,7,0.0
1984,RAM,0,7,0.0
1984,Renault,0,10,0.0
1984,Spirit,0,6,0.0
1984,Team Lotus,0,13,0.0
1984,Toleman,0,7,0.0
1984,Williams,1,8,0.125
1985,Alfa Romeo,0,5,0.0
1985,Arrows,0,15,0.0
1985,Brabham,1,10,0.1
1985,Ferrari,2,14,0.14285714285714285
1985,Ligier,0,10,0.0
1985,McLaren,6,13,0.46153846153846156
1985,Minardi,0,3,0.0
1985,Osella,0,5,0.0
1985,RAM,0,2,0.0
1985,Renault,0,11,0.0
1985,Team Lotus,3,13,0.23076923076923078
1985,Toleman,0,2,0.0
1985,Tyrrell,0,15,0.0
1985,Williams,4,13,0.3076923076923077
1985,Zakspeed,0,1,0.0
1986,Arrows,0,9,0.0
1986,Benetton,1,10,0.1
1986,Brabham,0,8,0.0
1986,Ferrari,0,13,0.0
1986,Ligier,0,13,0.0
1986,Lola,0,7,0.0
1986,McLaren,4,14,0.2857142857142857
1986,Minardi,0,1,0.0
1986,Osella,0,4,0.0
1986,Team Lotus,2,12,0.16666666666666666
1986,Tyrrell,0,12,0.0
1986,Williams,9,15,0.6
1986,Zakspeed,0,10,0.0
1987,AGS,0,9,0.0
1987,Arrows,0,9,0.0
1987,Benetton,0,12,0.0
1987,Brabham,0,8,0.0
1987,Ferrari,2,9,0.2222222222222222
1987,Larrousse,0,8,0.0
1987,Ligier,0,7,0.0
1987,March,0,6,0.0
1987,McLaren,3,13,0.23076923076923078
1987,Minardi,0,4,0.0
1987,Osella,0,1,0.0
1987,Team Lotus,2,14,0.14285714285714285
1987,Tyrrell,0,16,0.0
1987,Williams,9,15,0.6
1987,Zakspeed,0,8,0.0
1988,AGS,0,6,0.0
1988,Arrows,0,11,0.0
1988,Benetton,0,15,0.0
1988,Coloni,0,4,0.0
1988,Dallara,0,7,0.0
1988,Euro Brun,0,7,0.0
1988,Ferrari,1,12,0.08333333333333333
1988,Larrousse,0,13,0.0
1988,Ligier,0,9,0.0
1988,March,0,14,0.0
1988,McLaren,15,16,0.9375
1988,Minardi,0,11,0.0
1988,Osella,0,3,0.0
1988,Rial,0,5,0.0
1988,Team Lotus,0,11,0.0
1988,Tyrrell,0,9,0.0
1988,Williams,0,9,0.0
1988,Zakspeed,0,4,0.0
1989,AGS,0,3,0.0
1989,Arrows,0,12,0.0
1989,Benetton,1,12,0.08333333333333333
1989,Brabham,0,8,0.0
1989,Dallara,0,12,0.0
1989,Ferrari,3,9,0.3333333333333333
1989,Larrousse,0,5,0.0
1989,Ligier,0,10,0.0
1989,March,0,6,0.0
1989,McLaren,10,14,0.7142857142857143
1989,Minardi,0,6,0.0
1989,Onyx,0,4,0.0
1989,Osella,0,1,0.0
1989,Rial,0,4,0.0
1989,Team Lotus,0,12,0.0
1989,Tyrrell,0,12,0.0
1989,Williams,2,15,0.13333333333333333
1990,AGS,0,3,0.0
1990,Arrows,0,13,0.0
1990,Benetton,2,15,0.13333333333333333
1990,Brabham,0,7,0.0
1990,Dallara,0,6,0.0
1990,Euro Brun,0,1,0.0
1990,Ferrari,6,13,0.46153846153846156
1990,Larrousse,0,11,0.0
1990,Leyton House,0,8,0.0
1990,Ligier,0,13,0.0
1990,McLaren,6,14,0.42857142857142855
1990,Minardi,0,10,0.0
1990,Onyx,0,3,0.0
1990,Osella,0,4,0.0
1990,Team Lotus,0,7,0.0
1990,Tyrrell,0,13,0.0
1990,Williams,2,14,0.14285714285714285
1991,AGS,0,1,0.0
1991,Benetton,1,16,0.0625
1991,Brabham,0,10,0.0
1991,Dallara,0,10,0.0
1991,Ferrari,0,12,0.0
1991,Fondmetal,0,3,0.0
1991,Footwork,0,3,0.0
1991,Jordan,0,14,0.0
1991,Lambo,0,4,0.0
1991,Larrousse,0,1,0.0
1991,Leyton House,0,8,0.0
1991,Ligier,0,13,0.0
1991,Lola,0,2,0.0
1991,McLaren,8,15,0.5333333333333333
1991,Minardi,0,14,0.0
1991,Team Lotus,0,11,0.0
1991,Tyrrell,0,10,0.0
1991,Williams,7,14,0.5
1992,Benetton,1,16,0.0625
1992,Brabham,0,3,0.0
1992,Dallara,0,12,0.0
1992,Ferrari,0,8,0.0
1992,Fondmetal,0,2,0.0
1992,Footwork,0,16,0.0
1992,Jordan,0,8,0.0
1992,Larrousse,0,8,0.0
1992,Ligier,0,10,0.0
1992,March,0,10,0.0
1992,McLaren,5,14,0.35714285714285715
1992,Minardi,0,11,0.0
1992,Team Lotus,0,9,0.0
1992,Tyrrell,0,10,0.0
1992,Williams,10,14,0.7142857142857143
1993,Benetton,1,13,0.07692307692307693
1993,Ferrari,0,13,0.0
1993,Footwork,0,12,0.0
1993,Jordan,0,11,0.0
1993,Larrousse,0,15,0.0
1993,Ligier,0,14,0.0
1993,Lola,0,8,0.0
1993,McLaren,5,13,0.38461538461538464
1993,Minardi,0,12,0.0
1993,Sauber,0,12,0.0
1993,Team Lotus,0,11,0.0
1993,Tyrrell,0,9,0.0
1993,Williams,10,16,0.625
1994,Benetton,8,14,0.5714285714285714
1994,Ferrari,1,14,0.07142857142857142
1994,Footwork,0,11,0.0
1994,Jordan,0,12,0.0
1994,Larrousse,0,10,0.0
1994,Ligier,0,15,0.0
1994,McLaren,0,11,0.0
1994,Minardi,0,11,0.0
1994,Sauber,0,8,0.0
1994,Simtek,0,11,0.0
1994,Team Lotus,0,13,0.0
1994,Tyrrell,0,9,0.0
1994,Williams,7,14,0.5
1995,Benetton,11,16,0.6875
1995,Ferrari,1,13,0.07692307692307693
1995,Footwork,0,11,0.0
1995,Forti,0,9,0.0
1995,Jordan,0,12,0.0
1995,Ligier,0,15,0.0
1995,McLaren,0,12,0.0
1995,Minardi,0,13,0.0
1995,Pacific,0,6,0.0
1995,Sauber,0,13,0.0
1995,Simtek,0,2,0.0
1995,Tyrrell,0,14,0.0
1995,Williams,5,14,0.35714285714285715
1996,Benetton,0,15,0.0
1996,Ferrari,3,13,0.23076923076923078
1996,Footwork,0,11,0.0
1996,Forti,0,3,0.0
1996,Jordan,0,12,0.0
1996,Ligier,1,13,0.07692307692307693
1996,McLaren,0,16,0.0
1996,Minardi,0,11,0.0
1996,Sauber,0,11,0.0
1996,Tyrrell,0,10,0.0
1996,Williams,12,15,0.8
1997,Arrows,0,11,0.0
1997,Benetton,1,17,0.058823529411764705
1997,Ferrari,5,15,0.3333333333333333
1997,Jordan,0,15,0.0
1997,McLaren,3,13,0.23076923076923078
1997,Minardi,0,13,0.0
1997,Prost,0,14,0.0
1997,Sauber,0,16,0.0
1997,Stewart,0,7,0.0
1997,Tyrrell,0,12,0.0
1997,Williams,8,15,0.5333333333333333
1998,Arrows,0,8,0.0
1998,Benetton,0,14,0.0
1998,Ferrari,6,15,0.4
1998,Jordan,1,14,0.07142857142857142
1998,McLaren,9,15,0.6
1998,Minardi,0,13,0.0
1998,Prost,0,12,0.0
1998,Sauber,0,14,0.0
1998,Stewart,0,8,0.0
1998,Tyrrell,0,10,0.0
1998,Williams,0,16,0.0
1999,Arrows,0,7,0.0
1999,BAR,0,9,0.0
1999,Benetton,0,13,0.0
1999,Ferrari,6,16,0.375
1999,Jordan,2,15,0.13333333333333333
1999,McLaren,7,15,0.4666666666666667
1999,Minardi,0,11,0.0
1999,Prost,0,12,0.0
1999,Sauber,0,10,0.0
1999,Stewart,1,14,0.07142857142857142
1999,Williams,0,15,0.0
2000,Arrows,0,10,0.0
2000,BAR,0,16,0.0
2000,Benetton,0,16,0.0
2000,Ferrari,10,17,0.5882352941176471
2000,Jaguar,0,14,0.0
2000,Jordan,0,13,0.0
2000,McLaren,7,15,0.4666666666666667
2000,Minardi,0,16,0.0
2000,Prost,0,10,0.0
2000,Sauber,0,15,0.0
2000,Williams,0,13,0.0
2001,Arrows,0,14,0.0
2001,BAR,0,15,0.0
2001,Benetton,0,14,0.0
2001,Ferrari,9,17,0.5294117647058824
2001,Jaguar,0,12,0.0
2001,Jordan,0,13,0.0
2001,McLaren,4,15,0.26666666666666666
2001,Minardi,0,12,0.0
2001,Prost,0,16,0.0
2001,Sauber,0,14,0.0
2001,Williams,4,12,0.3333333333333333
2002,Arrows,0,6,0.0
2002,BAR,0,12,0.0
2002,Ferrari,15,17,0.8823529411764706
2002,Jaguar,0,12,0.0
2002,Jordan,0,13,0.0
2002,McLaren,1,16,0.0625
2002,Minardi,0,11,0.0
2002,Renault,0,14,0.0
2002,Sauber,0,14,0.0
2002,Toyota,0,13,0.0
2002,Williams,1,16,0.0625
2003,BAR,0,13,0.0
2003,Ferrari,8,15,0.5333333333333333
2003,Jaguar,0,13,0.0
2003,Jordan,1,13,0.07692307692307693
2003,McLaren,2,15,0.13333333333333333
2003,Minardi,0,13,0.0
2003,Renault,1,15,0.06666666666666667
2003,Sauber,0,14,0.0
2003,Toyota,0,13,0.0
2003,Williams,4,16,0.25
2004,BAR,0,17,0.0
2004,Ferrari,15,18,0.8333333333333334
2004,Jaguar,0,16,0.0
2004,Jordan,0,15,0.0
2004,McLaren,1,15,0.06666666666666667
2004,Minardi,0,15,0.0
2004,Renault,1,17,0.058823529411764705
2004,Sauber,0,18,0.0
2004,Toyota,0,17,0.0
2004,Williams,1,15,0.06666666666666667
2005,BAR,0,11,0.0
2005,Ferrari,1,19,0.05263157894736842
2005,Jordan,0,19,0.0
2005,McLaren,10,18,0.5555555555555556
2005,Minardi,0,15,0.0
2005,Red Bull,0,16,0.0
2005,Renault,8,17,0.47058823529411764
2005,Sauber,0,18,0.0
2005,Toyota,0,18,0.0
2005,Williams,0,16,0.0
2006,BMW Sauber,0,16,0.0
2006,Ferrari,9,17,0.5294117647058824
2006,Honda,1,17,0.058823529411764705
2006,MF1,0,11,0.0
2006,McLaren,0,17,0.0
2006,Red Bull,0,15,0.0
2006,Renault,8,17,0.47058823529411764
2006,Spyker MF1,0,4,0.0
2006,Super Aguri,0,13,0.0
2006,Toro Rosso,0,18,0.0
2006,Toyota,0,16,0.0
2006,Williams,0,12,0.0
2007,BMW Sauber,0,17,0.0
2007,Ferrari,9,17,0.5294117647058824
2007,Honda,0,16,0.0
2007,McLaren,8,17,0.47058823529411764
2007,Red Bull,0,16,0.0
2007,Renault,0,16,0.0
2007,Spyker,0,13,0.0
2007,Super Aguri,0,17,0.0
2007,Toro Rosso,0,12,0.0
2007,Toyota,0,15,0.0
2007,Williams,0,16,0.0
2008,BMW Sauber,1,18,0.05555555555555555
2008,Ferrari,8,18,0.4444444444444444
2008,Force India,0,13,0.0
2008,Honda,0,17,0.0
2008,McLaren,6,18,0.3333333333333333
2008,Red Bull,0,17,0.0
2008,Renault,2,16,0.125
2008,Super Aguri,0,3,0.0
2008,Toro Rosso,1,16,0.0625
2008,Toyota,0,17,0.0
2008,Williams,0,18,0.0
2009,BMW Sauber,0,17,0.0
2009,Brawn,8,17,0.47058823529411764
2009,Ferrari,1,17,0.058823529411764705
2009,Force India,0,17,0.0
2009,McLaren,2,16,0.125
2009,Red Bull,6,17,0.35294117647058826
2009,Renault,0,16,0.0
2009,Toro Rosso,0,14,0.0
2009,Toyota,0,17,0.0
2009,Williams,0,16,0.0
2010,Ferrari,5,19,0.2631578947368421
2010,Force India,0,18,0.0
2010,HRT,0,16,0.0
2010,Lotus,0,17,0.0
2010,McLaren,5,19,0.2631578947368421
2010,Mercedes,0,19,0.0
2010,Red Bull,9,18,0.5
2010,Renault,0,18,0.0
2010,Sauber,0,13,0.0
2010,Toro Rosso,0,19,0.0
2010,Virgin,0,14,0.0
2010,Williams,0,18,0.0
2011,Ferrari,1,19,0.05263157894736842
2011,Force India,0,19,0.0
2011,HRT,0,16,0.0
2011,Lotus,0,17,0.0
2011,McLaren,6,19,0.3157894736842105
2011,Mercedes,0,18,0.0
2011,Red Bull,12,19,0.631578947368421
2011,Renault,0,19,0.0
2011,Sauber,0,17,0.0
2011,Toro Rosso,0,18,0.0
2011,Virgin,0,19,0.0
2011,Williams,0,17,0.0
2012,Caterham,0,19,0.0
2012,Ferrari,3,20,0.15
2012,Force India,0,20,0.0
2012,HRT,0,18,0.0
2012,Lotus F1,1,20,0.05
2012,Marussia,0,20,0.0
2012,McLaren,7,20,0.35
2012,Mercedes,1,20,0.05
2012,Red Bull,7,20,0.35
2012,Sauber,0,20,0.0
2012,Toro Rosso,0,20,0.0
2012,Williams,1,19,0.05263157894736842
2013,Caterham,0,18,0.0
2013,Ferrari,2,19,0.10526315789473684
2013,Force India,0,18,0.0
2013,Lotus F1,1,19,0.05263157894736842
2013,Marussia,0,19,0.0
2013,McLaren,0,19,0.0
2013,Mercedes,3,19,0.15789473684210525
2013,Red Bull,13,19,0.6842105263157895
2013,Sauber,0,19,0.0
2013,Toro Rosso,0,19,0.0
2013,Williams,0,19,0.0
2014,Caterham,0,14,0.0
2014,Ferrari,0,19,0.0
2014,Force India,0,17,0.0
2014,Lotus F1,0,16,0.0
2014,Marussia,0,14,0.0
2014,McLaren,0,19,0.0
2014,Mercedes,16,19,0.8421052631578947
2014,Red Bull,3,18,0.16666666666666666
2014,Sauber,0,15,0.0
2014,Toro Rosso,0,17,0.0
2014,Williams,0,19,0.0
2015,Ferrari,3,18,0.16666666666666666
2015,Force India,0,18,0.0
2015,Lotus F1,0,16,0.0
2015,Manor Marussia,0,18,0.0
2015,McLaren,0,15,0.0
2015,Mercedes,16,19,0.8421052631578947
2015,Red Bull,0,19,0.0
2015,Sauber,0,19,0.0
2015,Toro Rosso,0,17,0.0
2015,Williams,0,18,0.0
2016,Ferrari,0,21,0.0
2016,Force India,0,21,0.0
2016,Haas F1 Team,0,19,0.0
2016,Manor Marussia,0,20,0.0
2016,McLaren,0,21,0.0
2016,Mercedes,19,20,0.95
2016,Red Bull,2,21,0.09523809523809523
2016,Renault,0,20,0.0
2016,Sauber,0,20,0.0
2016,Toro Rosso,0,19,0.0
2016,Williams,0,21,0.0
2017,Ferrari,5,19,0.2631578947368421
2017,Force India,0,20,0.0
2017,Haas F1 Team,0,19,0.0
2017,McLaren,0,18,0.0
2017,Mercedes,12,20,0.6
2017,Red Bull,3,20,0.15
2017,Renault,0,18,0.0
2017,Sauber,0,19,0.0
2017,Toro Rosso,0,19,0.0
2017,Williams,0,20,0.0
2018,Ferrari,6,21,0.2857142857142857
2018,Force India,0,20,0.0
2018,Haas F1 Team,0,19,0.0
2018,McLaren,0,21,0.0
2018,Mercedes,11,20,0.55
2018,Red Bull,4,19,0.21052631578947367
2018,Renault,0,21,0.0
2018,Sauber,0,20,0.0
2018,Toro Rosso,0,20,0.0
2018,Williams,0,20,0.0
2019,Alfa Romeo,0,21,0.0
2019,Ferrari,3,21,0.14285714285714285
2019,Haas F1 Team,0,20,0.0
2019,McLaren,0,21,0.0
2019,Mercedes,15,21,0.7142857142857143
2019,Racing Point,0,21,0.0
2019,Red Bull,3,21,0.14285714285714285
2019,Renault,0,18,0.0
2019,Toro Rosso,0,21,0.0
2019,Williams,0,20,0.0
2020,Alfa Romeo,0,17,0.0
2020,AlphaTauri,1,17,0.058823529411764705
2020,Ferrari,0,15,0.0
2020,Haas F1 Team,0,16,0.0
2020,McLaren,0,17,0.0
2020,Mercedes,13,17,0.7647058823529411
2020,Racing Point,1,17,0.058823529411764705
2020,Red Bull,2,17,0.11764705882352941
2020,Renault,0,17,0.0
2020,Williams,0,17,0.0
2021,Alfa Romeo,0,21,0.0
2021,AlphaTauri,0,21,0.0
2021,Alpine F1 Team,1,21,0.047619047619047616
2021,Aston Martin,0,21,0.0
2021,Ferrari,0,22,0.0
2021,Haas F1 Team,0,21,0.0
2021,McLaren,1,22,0.045454545454545456
2021,Mercedes,9,22,0.4090909090909091
2021,Red Bull,11,22,0.5
2021,Williams,0,20,0.0
2022,Alfa Romeo,0,21,0.0
2022,AlphaTauri,0,22,0.0
2022,Alpine F1 Team,0,21,0.0
2022,Aston Martin,0,21,0.0
2022,Ferrari,4,21,0.19047619047619047
2022,Haas F1 Team,0,21,0.0
2022,McLaren,0,21,0.0
2022,Mercedes,1,22,0.045454545454545456
2022,Red Bull,17,22,0.7727272727272727
2022,Williams,0,21,0.0
2023,Alfa Romeo,0,21,0.0
2023,AlphaTauri,0,22,0.0
2023,Alpine F1 Team,0,21,0.0
2023,Aston Martin,0,22,0.0
2023,Ferrari,1,22,0.045454545454545456
2023,Haas F1 Team,0,22,0.0
2023,McLaren,0,22,0.0
2023,Mercedes,0,22,0.0
2023,Red Bull,21,22,0.9545454545454546
2023,Williams,0,21,0.0
2024,Alpine F1 Team,0,24,0.0
2024,Aston Martin,0,24,0.0
2024,Ferrari,5,23,0.21739130434782608
2024,Haas F1 Team,0,23,0.0
2024,McLaren,6,24,0.25
2024,Mercedes,4,24,0.16666666666666666
2024,RB F1 Team,0,23,0.0
2024,Red Bull,9,24,0.375
2024,Sauber,0,24,0.0
2024,Williams,0,22,0.0
2025,Alpine F1 Team,0,24,0.0
2025,Aston Martin,0,24,0.0
2025,Ferrari,0,24,0.0
2025,Haas F1 Team,0,24,0.0
2025,McLaren,14,24,0.5833333333333334
2025,Mercedes,2,24,0.08333333333333333
2025,RB F1 Team,0,24,0.0
2025,Red Bull,8,24,0.3333333333333333
2025,Sauber,0,24,0.0
2025,Williams,0,24,0.0
